id,timestamp,time,latitude,longitude,fix_status
1,2024-12-01 20:04:46,230446.00,-33.44800633333333,-70.59342116666667,Valid fix
2,2024-12-01 20:04:47,230447.00,-33.44798766666667,-70.59342633333333,Valid fix
3,2024-12-01 20:04:48,230448.00,-33.447973833333336,-70.593412,Valid fix
4,2024-12-01 20:04:49,230449.00,-33.4479545,-70.5934035,Valid fix
5,2024-12-01 20:04:50,230450.00,-33.44793583333333,-70.59340283333333,Valid fix
6,2024-12-01 20:04:51,230451.00,-33.447919166666665,-70.59340283333333,Valid fix
7,2024-12-01 20:04:52,230452.00,-33.447909333333335,-70.59341,Valid fix
8,2024-12-01 20:04:53,230453.00,-33.44791283333333,-70.59340316666666,Valid fix
9,2024-12-01 20:04:54,230454.00,-33.44793716666667,-70.59341666666667,Valid fix
10,2024-12-01 20:04:55,230455.00,-33.4479975,-70.59345066666667,Valid fix
11,2024-12-01 20:04:56,230456.00,-33.448055,-70.59347983333333,Valid fix
12,2024-12-01 20:04:57,230457.00,-33.44809216666667,-70.59350333333333,Valid fix
13,2024-12-01 20:04:58,230458.00,-33.44812983333333,-70.5935225,Valid fix
14,2024-12-01 20:04:59,230459.00,-33.448162833333335,-70.59354066666667,Valid fix
15,2024-12-01 20:05:00,230500.00,-33.448192166666665,-70.59355366666666,Valid fix
16,2024-12-01 20:05:01,230501.00,-33.44821533333333,-70.59357433333334,Valid fix
17,2024-12-01 20:05:02,230502.00,-33.448243833333336,-70.59359866666667,Valid fix
18,2024-12-01 20:05:03,230503.00,-33.448269,-70.5936175,Valid fix
19,2024-12-01 20:05:04,230504.00,-33.4482955,-70.59362866666666,Valid fix
20,2024-12-01 20:05:05,230505.00,-33.4483155,-70.59364983333333,Valid fix
21,2024-12-01 20:05:06,230506.00,-33.44833366666667,-70.593652,Valid fix
22,2024-12-01 20:05:07,230507.00,-33.448352,-70.59367083333333,Valid fix
23,2024-12-01 20:05:08,230508.00,-33.44837,-70.59368816666667,Valid fix
24,2024-12-01 20:05:09,230509.00,-33.448375666666664,-70.5937065,Valid fix
25,2024-12-01 20:05:11,230510.00,-33.44838166666667,-70.59371783333333,Valid fix
26,2024-12-01 20:05:12,230511.00,-33.448393,-70.59372466666667,Valid fix
27,2024-12-01 20:05:13,230512.00,-33.44841233333333,-70.59372916666666,Valid fix
28,2024-12-01 20:05:14,230514.00,-33.4484265,-70.59375083333333,Valid fix
29,2024-12-01 20:05:15,230515.00,-33.44842966666667,-70.59376166666667,Valid fix
30,2024-12-01 20:05:16,230516.00,-33.448441,-70.593771,Valid fix
31,2024-12-01 20:05:17,230517.00,-33.448456,-70.59376866666666,Valid fix
32,2024-12-01 20:05:18,230518.00,-33.448479166666665,-70.59376383333333,Valid fix
33,2024-12-01 20:05:19,230519.00,-33.44850316666667,-70.5937685,Valid fix
34,2024-12-01 20:05:20,230520.00,-33.44851883333333,-70.593777,Valid fix
35,2024-12-01 20:05:21,230521.00,-33.44853833333333,-70.59378766666667,Valid fix
36,2024-12-01 20:05:22,230522.00,-33.4485565,-70.593793,Valid fix
37,2024-12-01 20:05:23,230523.00,-33.4485675,-70.59378916666667,Valid fix
38,2024-12-01 20:05:24,230524.00,-33.4485885,-70.5937995,Valid fix
39,2024-12-01 20:05:25,230525.00,-33.448602,-70.5938025,Valid fix
40,2024-12-01 20:05:26,230526.00,-33.44861566666667,-70.59381333333333,Valid fix
41,2024-12-01 20:05:27,230527.00,-33.448629,-70.59382616666667,Valid fix
42,2024-12-01 20:05:28,230528.00,-33.448649,-70.593827,Valid fix
43,2024-12-01 20:05:29,230529.00,-33.448655333333335,-70.59383633333333,Valid fix
44,2024-12-01 20:05:30,230530.00,-33.448661666666666,-70.59384716666666,Valid fix
45,2024-12-01 20:05:31,230531.00,-33.448669833333334,-70.5938615,Valid fix
46,2024-12-01 20:05:32,230532.00,-33.44867566666667,-70.59385716666667,Valid fix
47,2024-12-01 20:05:33,230533.00,-33.44868783333333,-70.593857,Valid fix
48,2024-12-01 20:05:34,230534.00,-33.448699166666664,-70.59386133333334,Valid fix
49,2024-12-01 20:05:35,230535.00,-33.448705833333335,-70.59386183333334,Valid fix
50,2024-12-01 20:05:36,230536.00,-33.448711833333334,-70.59386266666667,Valid fix
51,2024-12-01 20:05:37,230537.00,-33.44870816666667,-70.5938575,Valid fix
52,2024-12-01 20:05:38,230538.00,-33.44869533333333,-70.59387416666667,Valid fix
53,2024-12-01 20:05:40,230539.00,-33.44870616666667,-70.59387100000001,Valid fix
54,2024-12-01 20:05:41,230540.00,-33.44870566666667,-70.593866,Valid fix
55,2024-12-01 20:05:42,230542.00,-33.44871716666667,-70.59386383333333,Valid fix
56,2024-12-01 20:05:43,230543.00,-33.448713833333336,-70.5938625,Valid fix
57,2024-12-01 20:05:44,230544.00,-33.44870683333333,-70.59387533333333,Valid fix
58,2024-12-01 20:05:45,230545.00,-33.44871233333333,-70.59387216666667,Valid fix
59,2024-12-01 20:05:46,230546.00,-33.448718166666666,-70.5938755,Valid fix
60,2024-12-01 20:05:47,230547.00,-33.44872766666667,-70.5938745,Valid fix
61,2024-12-01 20:05:48,230548.00,-33.448728833333334,-70.59387533333333,Valid fix
62,2024-12-01 20:05:49,230549.00,-33.448737333333334,-70.59387583333333,Valid fix
63,2024-12-01 20:05:50,230550.00,-33.44874,-70.59387766666667,Valid fix
64,2024-12-01 20:05:51,230551.00,-33.448739333333336,-70.593884,Valid fix
65,2024-12-01 20:05:52,230552.00,-33.44873466666667,-70.59388633333333,Valid fix
66,2024-12-01 20:05:53,230553.00,-33.44873783333333,-70.5938845,Valid fix
67,2024-12-01 20:05:54,230554.00,-33.448736333333336,-70.59388033333333,Valid fix
68,2024-12-01 20:05:55,230555.00,-33.448706666666666,-70.59390783333333,Valid fix
69,2024-12-01 20:05:56,230556.00,-33.448680333333336,-70.5939205,Valid fix
70,2024-12-01 20:05:57,230557.00,-33.44867933333333,-70.5939325,Valid fix
71,2024-12-01 20:05:58,230558.00,-33.448697,-70.59394166666667,Valid fix
72,2024-12-01 20:05:59,230559.00,-33.4487145,-70.59395366666666,Valid fix
73,2024-12-01 20:06:00,230600.00,-33.448721666666664,-70.59396466666666,Valid fix
74,2024-12-01 20:06:01,230601.00,-33.44873916666667,-70.59397266666667,Valid fix
75,2024-12-01 20:06:02,230602.00,-33.44874933333333,-70.593987,Valid fix
76,2024-12-01 20:06:03,230603.00,-33.44876333333333,-70.59399483333334,Valid fix
77,2024-12-01 20:06:04,230604.00,-33.448773333333335,-70.59400366666667,Valid fix
78,2024-12-01 20:06:06,230605.00,-33.4487915,-70.59401616666666,Valid fix
79,2024-12-01 20:06:07,230606.00,-33.44880883333333,-70.59403116666667,Valid fix
80,2024-12-01 20:06:08,230607.00,-33.448823,-70.59403866666666,Valid fix
81,2024-12-01 20:06:09,230609.00,-33.448850166666666,-70.59405916666667,Valid fix
82,2024-12-01 20:06:10,230610.00,-33.448866333333335,-70.59406983333334,Valid fix
83,2024-12-01 20:06:11,230611.00,-33.44887933333333,-70.59408566666667,Valid fix
84,2024-12-01 20:06:12,230612.00,-33.44889766666667,-70.59409483333333,Valid fix
85,2024-12-01 20:06:13,230613.00,-33.44891166666667,-70.59410833333334,Valid fix
86,2024-12-01 20:06:14,230614.00,-33.44890816666667,-70.59412216666666,Valid fix
87,2024-12-01 20:06:15,230615.00,-33.44891783333333,-70.59413383333333,Valid fix
88,2024-12-01 20:06:16,230616.00,-33.44892133333333,-70.59414366666667,Valid fix
89,2024-12-01 20:06:17,230617.00,-33.448932666666664,-70.59415533333333,Valid fix
90,2024-12-01 20:06:18,230618.00,-33.44893716666667,-70.5941715,Valid fix
91,2024-12-01 20:06:19,230619.00,-33.44893666666667,-70.594187,Valid fix
92,2024-12-01 20:06:20,230620.00,-33.44893666666667,-70.5942095,Valid fix
93,2024-12-01 20:06:21,230621.00,-33.44894266666667,-70.59423433333333,Valid fix
94,2024-12-01 20:06:22,230622.00,-33.448943666666665,-70.59425133333333,Valid fix
95,2024-12-01 20:06:23,230623.00,-33.4489455,-70.59425833333333,Valid fix
96,2024-12-01 20:06:24,230624.00,-33.448947833333335,-70.59428,Valid fix
97,2024-12-01 20:06:25,230625.00,-33.44895133333333,-70.59430733333333,Valid fix
98,2024-12-01 20:06:26,230626.00,-33.448955833333336,-70.5943165,Valid fix
99,2024-12-01 20:06:27,230627.00,-33.44896516666667,-70.59433366666667,Valid fix
100,2024-12-01 20:06:28,230628.00,-33.448967833333334,-70.594356,Valid fix
101,2024-12-01 20:06:29,230629.00,-33.44896083333333,-70.59438783333333,Valid fix
102,2024-12-01 20:06:30,230630.00,-33.44896633333333,-70.5943985,Valid fix
103,2024-12-01 20:06:31,230631.00,-33.44896816666667,-70.59441933333333,Valid fix
104,2024-12-01 20:06:32,230632.00,-33.4489775,-70.59442983333334,Valid fix
105,2024-12-01 20:06:33,230633.00,-33.448981333333336,-70.594443,Valid fix
106,2024-12-01 20:06:35,230634.00,-33.44898416666667,-70.5944505,Valid fix
107,2024-12-01 20:06:36,230635.00,-33.4489875,-70.594464,Valid fix
108,2024-12-01 20:06:37,230637.00,-33.44898716666667,-70.59449616666667,Valid fix
109,2024-12-01 20:06:38,230638.00,-33.44899633333333,-70.5945295,Valid fix
110,2024-12-01 20:06:39,230639.00,-33.448998,-70.59455666666666,Valid fix
111,2024-12-01 20:06:40,230640.00,-33.44900283333333,-70.594572,Valid fix
112,2024-12-01 20:06:41,230641.00,-33.44874566666667,-70.59459483333333,Valid fix
113,2024-12-01 20:06:42,230642.00,-33.44872466666666,-70.5946045,Valid fix
114,2024-12-01 20:06:43,230643.00,-33.4487485,-70.5946185,Valid fix
115,2024-12-01 20:06:44,230644.00,-33.44875716666667,-70.59463783333334,Valid fix
116,2024-12-01 20:06:45,230645.00,-33.44875916666667,-70.5946605,Valid fix
117,2024-12-01 20:06:46,230646.00,-33.44876083333333,-70.59468316666667,Valid fix
118,2024-12-01 20:06:47,230647.00,-33.4487625,-70.59470266666666,Valid fix
119,2024-12-01 20:06:48,230648.00,-33.44876433333334,-70.59472383333333,Valid fix
120,2024-12-01 20:06:49,230649.00,-33.4487665,-70.5947435,Valid fix
121,2024-12-01 20:06:50,230650.00,-33.44876416666666,-70.5947575,Valid fix
122,2024-12-01 20:06:51,230651.00,-33.44877366666667,-70.59475316666666,Valid fix
123,2024-12-01 20:06:53,230653.00,-33.448762333333335,-70.59479916666666,Valid fix
124,2024-12-01 20:06:54,230654.00,-33.448763,-70.5948215,Valid fix
125,2024-12-01 20:06:55,230655.00,-33.44874866666667,-70.59484283333333,Valid fix
126,2024-12-01 20:06:56,230656.00,-33.44873033333333,-70.59484666666667,Valid fix
127,2024-12-01 20:06:57,230657.00,-33.4487075,-70.59486216666667,Valid fix
128,2024-12-01 20:06:58,230658.00,-33.44870483333333,-70.59488083333333,Valid fix
129,2024-12-01 20:06:59,230659.00,-33.4486925,-70.59489733333334,Valid fix
130,2024-12-01 20:07:00,230700.00,-33.448680333333336,-70.59490333333333,Valid fix
131,2024-12-01 20:07:01,230701.00,-33.448680833333334,-70.594925,Valid fix
132,2024-12-01 20:07:03,230702.00,-33.448675,-70.59494016666666,Valid fix
133,2024-12-01 20:07:04,230703.00,-33.448680833333334,-70.594966,Valid fix
134,2024-12-01 20:07:05,230704.00,-33.448659666666664,-70.5949725,Valid fix
135,2024-12-01 20:07:06,230706.00,-33.4487675,-70.59508066666666,Valid fix
136,2024-12-01 20:07:07,230707.00,-33.44879816666667,-70.595115,Valid fix
137,2024-12-01 20:07:08,230708.00,-33.448836,-70.59515733333333,Valid fix
138,2024-12-01 20:07:09,230709.00,-33.44887466666667,-70.59520333333333,Valid fix
139,2024-12-01 20:07:10,230710.00,-33.448906666666666,-70.5952395,Valid fix
140,2024-12-01 20:07:11,230711.00,-33.44892433333333,-70.59526933333333,Valid fix
141,2024-12-01 20:07:12,230712.00,-33.448933833333335,-70.59528833333333,Valid fix
142,2024-12-01 20:07:13,230713.00,-33.448936833333335,-70.595308,Valid fix
143,2024-12-01 20:07:14,230714.00,-33.448939,-70.59531966666667,Valid fix
144,2024-12-01 20:07:15,230715.00,-33.448949166666665,-70.59534233333333,Valid fix
145,2024-12-01 20:07:16,230716.00,-33.448940666666665,-70.5953535,Valid fix
146,2024-12-01 20:07:17,230717.00,-33.4489435,-70.59537583333334,Valid fix
147,2024-12-01 20:07:18,230718.00,-33.448942,-70.59539766666667,Valid fix
148,2024-12-01 20:07:19,230719.00,-33.44894083333333,-70.59541083333333,Valid fix
149,2024-12-01 20:07:20,230720.00,-33.448936833333335,-70.59542383333333,Valid fix
150,2024-12-01 20:07:21,230721.00,-33.448946166666666,-70.5954535,Valid fix
151,2024-12-01 20:07:22,230722.00,-33.44896416666667,-70.5954855,Valid fix
152,2024-12-01 20:07:23,230723.00,-33.4489765,-70.59550733333333,Valid fix
153,2024-12-01 20:07:24,230724.00,-33.44898883333333,-70.59552916666667,Valid fix
154,2024-12-01 20:07:25,230725.00,-33.4489955,-70.59554616666667,Valid fix
155,2024-12-01 20:07:26,230726.00,-33.4489995,-70.59556483333333,Valid fix
156,2024-12-01 20:07:27,230727.00,-33.449006833333335,-70.59558166666666,Valid fix
157,2024-12-01 20:07:28,230728.00,-33.449010666666666,-70.59560233333333,Valid fix
158,2024-12-01 20:07:29,230729.00,-33.44902033333334,-70.59562316666667,Valid fix
159,2024-12-01 20:07:30,230730.00,-33.449028,-70.59564416666667,Valid fix
160,2024-12-01 20:07:32,230731.00,-33.44902666666667,-70.595672,Valid fix
161,2024-12-01 20:07:33,230732.00,-33.449031,-70.59568333333333,Valid fix
162,2024-12-01 20:07:34,230734.00,-33.4490365,-70.59570633333334,Valid fix
163,2024-12-01 20:07:35,230735.00,-33.449045,-70.59572166666666,Valid fix
164,2024-12-01 20:07:36,230736.00,-33.4490485,-70.595736,Valid fix
165,2024-12-01 20:07:37,230737.00,-33.44905,-70.59574516666666,Valid fix
166,2024-12-01 20:07:38,230738.00,-33.44905116666666,-70.59574966666666,Valid fix
167,2024-12-01 20:07:39,230739.00,-33.449056666666664,-70.59575583333333,Valid fix
168,2024-12-01 20:07:40,230740.00,-33.449058,-70.5957635,Valid fix
169,2024-12-01 20:07:41,230741.00,-33.449064,-70.595774,Valid fix
170,2024-12-01 20:07:42,230742.00,-33.4490715,-70.59577716666666,Valid fix
171,2024-12-01 20:07:43,230743.00,-33.449080333333335,-70.59577333333333,Valid fix
172,2024-12-01 20:07:44,230744.00,-33.44908516666667,-70.595776,Valid fix
173,2024-12-01 20:07:45,230745.00,-33.449088833333334,-70.5957785,Valid fix
174,2024-12-01 20:07:46,230746.00,-33.44909283333333,-70.5957915,Valid fix
175,2024-12-01 20:07:47,230747.00,-33.44909216666667,-70.59578516666667,Valid fix
176,2024-12-01 20:07:48,230748.00,-33.44909766666667,-70.5957945,Valid fix
177,2024-12-01 20:07:49,230749.00,-33.44909633333333,-70.595799,Valid fix
178,2024-12-01 20:07:50,230750.00,-33.449099,-70.5958065,Valid fix
179,2024-12-01 20:07:51,230751.00,-33.4490975,-70.595807,Valid fix
180,2024-12-01 20:07:52,230752.00,-33.44908983333333,-70.59582633333333,Valid fix
181,2024-12-01 20:07:53,230753.00,-33.449085333333336,-70.5958305,Valid fix
182,2024-12-01 20:07:54,230754.00,-33.449077833333334,-70.59586133333333,Valid fix
183,2024-12-01 20:07:55,230755.00,-33.44907233333333,-70.59588783333334,Valid fix
184,2024-12-01 20:07:56,230756.00,-33.44907283333333,-70.5958885,Valid fix
185,2024-12-01 20:07:57,230757.00,-33.4490805,-70.59589466666667,Valid fix
186,2024-12-01 20:07:58,230758.00,-33.4490805,-70.59591816666666,Valid fix
187,2024-12-01 20:08:00,230759.00,-33.449080333333335,-70.5959125,Valid fix
188,2024-12-01 20:08:01,230800.00,-33.44908866666667,-70.5959145,Valid fix
189,2024-12-01 20:08:13,230813.00,-33.44916883333333,-70.59615833333334,Valid fix
190,2024-12-01 20:08:14,230814.00,-33.44917733333333,-70.59617316666667,Valid fix
191,2024-12-01 20:08:15,230815.00,-33.449183833333336,-70.5961975,Valid fix
192,2024-12-01 20:08:20,230820.00,-33.44918783333333,-70.59633316666667,Valid fix
193,2024-12-01 20:08:21,230821.00,-33.449182,-70.59638166666667,Valid fix
194,2024-12-01 20:08:22,230822.00,-33.449172833333336,-70.59642483333333,Valid fix
195,2024-12-01 20:08:23,230823.00,-33.44916516666667,-70.59646333333333,Valid fix
196,2024-12-01 20:08:24,230824.00,-33.44915366666667,-70.5964995,Valid fix
197,2024-12-01 20:08:25,230825.00,-33.449144833333335,-70.59653266666666,Valid fix
198,2024-12-01 20:08:28,230828.00,-33.449147,-70.59659,Valid fix
199,2024-12-01 20:08:30,230829.00,-33.44916,-70.59659916666666,Valid fix
200,2024-12-01 20:08:31,230830.00,-33.449174666666664,-70.59661516666667,Valid fix
201,2024-12-01 20:08:32,230831.00,-33.44920183333333,-70.59662966666667,Valid fix
202,2024-12-01 20:08:36,230836.00,-33.44926666666667,-70.59670116666666,Valid fix
203,2024-12-01 20:08:37,230837.00,-33.449303666666665,-70.596717,Valid fix
204,2024-12-01 20:08:38,230838.00,-33.44930166666666,-70.5967365,Valid fix
205,2024-12-01 20:08:39,230839.00,-33.4492835,-70.59674083333333,Valid fix
206,2024-12-01 20:08:40,230840.00,-33.4492835,-70.59675416666667,Valid fix
207,2024-12-01 20:08:41,230841.00,-33.44927883333333,-70.596766,Valid fix
208,2024-12-01 20:08:42,230842.00,-33.44926866666667,-70.59678433333333,Valid fix
209,2024-12-01 20:08:43,230843.00,-33.4492595,-70.59680533333334,Valid fix
210,2024-12-01 20:08:44,230844.00,-33.44925966666667,-70.59681883333333,Valid fix
211,2024-12-01 20:08:45,230845.00,-33.449259,-70.5968365,Valid fix
212,2024-12-01 20:08:46,230846.00,-33.449250666666664,-70.59684866666667,Valid fix
213,2024-12-01 20:08:47,230847.00,-33.449251833333335,-70.59686233333333,Valid fix
214,2024-12-01 20:08:48,230848.00,-33.4492455,-70.59687366666667,Valid fix
215,2024-12-01 20:08:49,230849.00,-33.44923683333333,-70.59688483333333,Valid fix
216,2024-12-01 20:08:50,230850.00,-33.44923933333333,-70.59687983333333,Valid fix
217,2024-12-01 20:08:51,230851.00,-33.449245833333336,-70.59687166666667,Valid fix
218,2024-12-01 20:08:52,230852.00,-33.4492425,-70.59686616666667,Valid fix
219,2024-12-01 20:08:53,230853.00,-33.449233,-70.5968755,Valid fix
220,2024-12-01 20:08:54,230854.00,-33.449229833333334,-70.59687616666666,Valid fix
221,2024-12-01 20:08:55,230855.00,-33.449231,-70.59688616666666,Valid fix
222,2024-12-01 20:08:56,230856.00,-33.4492385,-70.59689483333334,Valid fix
223,2024-12-01 20:08:57,230857.00,-33.449251833333335,-70.59690933333333,Valid fix
224,2024-12-01 20:08:59,230858.00,-33.449249,-70.59691666666667,Valid fix
225,2024-12-01 20:09:00,230859.00,-33.449244666666665,-70.59692633333333,Valid fix
226,2024-12-01 20:09:01,230901.00,-33.449236166666665,-70.5969545,Valid fix
227,2024-12-01 20:09:02,230902.00,-33.44922316666667,-70.5969655,Valid fix
228,2024-12-01 20:09:03,230903.00,-33.449203833333335,-70.5969735,Valid fix
229,2024-12-01 20:09:04,230904.00,-33.44920466666667,-70.59698583333333,Valid fix
230,2024-12-01 20:09:05,230905.00,-33.449198833333334,-70.59700433333333,Valid fix
231,2024-12-01 20:09:06,230906.00,-33.449195333333336,-70.59701883333334,Valid fix
232,2024-12-01 20:09:07,230907.00,-33.44919633333333,-70.59702616666667,Valid fix
233,2024-12-01 20:09:08,230908.00,-33.449197833333336,-70.59704783333333,Valid fix
234,2024-12-01 20:09:09,230909.00,-33.44919566666667,-70.59706933333334,Valid fix
235,2024-12-01 20:09:10,230910.00,-33.4491855,-70.597081,Valid fix
236,2024-12-01 20:09:11,230911.00,-33.44918466666667,-70.59709583333333,Valid fix
237,2024-12-01 20:09:12,230912.00,-33.44917483333333,-70.59710883333334,Valid fix
238,2024-12-01 20:09:13,230913.00,-33.44918033333333,-70.59712433333334,Valid fix
239,2024-12-01 20:09:14,230914.00,-33.449183166666664,-70.59714116666666,Valid fix
240,2024-12-01 20:09:15,230915.00,-33.44918666666667,-70.59715816666667,Valid fix
241,2024-12-01 20:09:16,230916.00,-33.449196,-70.597183,Valid fix
242,2024-12-01 20:09:17,230917.00,-33.449205666666664,-70.59720266666666,Valid fix
243,2024-12-01 20:09:18,230918.00,-33.4492075,-70.59721466666667,Valid fix
244,2024-12-01 20:09:19,230919.00,-33.449217,-70.59723733333334,Valid fix
245,2024-12-01 20:09:20,230920.00,-33.44922366666667,-70.59725533333334,Valid fix
246,2024-12-01 20:09:21,230921.00,-33.4492305,-70.597278,Valid fix
247,2024-12-01 20:09:22,230922.00,-33.449232,-70.59729333333334,Valid fix
248,2024-12-01 20:09:23,230923.00,-33.449253166666665,-70.59732033333333,Valid fix
249,2024-12-01 20:09:24,230924.00,-33.449274333333335,-70.597354,Valid fix
274,2024-12-02 23:19:06,021906.00,-33.44899483333333,-70.59511033333334,Valid fix
275,2024-12-02 23:19:07,021907.00,-33.44899816666667,-70.59510933333334,Valid fix
276,2024-12-02 23:19:08,021908.00,-33.44901083333333,-70.59509466666667,Valid fix
277,2024-12-02 23:19:09,021909.00,-33.448999,-70.59508316666667,Valid fix
278,2024-12-02 23:19:10,021910.00,-33.44900833333333,-70.59508416666667,Valid fix
279,2024-12-02 23:19:11,021911.00,-33.449020166666664,-70.59508983333333,Valid fix
280,2024-12-02 23:19:12,021912.00,-33.449031,-70.59510016666667,Valid fix
281,2024-12-02 23:19:13,021913.00,-33.449040333333336,-70.595114,Valid fix
282,2024-12-02 23:19:14,021914.00,-33.449047666666665,-70.59512233333334,Valid fix
283,2024-12-02 23:19:15,021915.00,-33.44905216666667,-70.59512866666667,Valid fix
284,2024-12-02 23:19:16,021916.00,-33.449053166666666,-70.59513366666667,Valid fix
285,2024-12-02 23:19:17,021917.00,-33.44907083333333,-70.59514,Valid fix
286,2024-12-02 23:19:19,021918.00,-33.44907383333334,-70.59515133333333,Valid fix
287,2024-12-02 23:19:20,021919.00,-33.449094333333335,-70.59516616666667,Valid fix
288,2024-12-02 23:19:21,021920.00,-33.449108833333334,-70.59517116666666,Valid fix
289,2024-12-02 23:19:22,021922.00,-33.44913783333333,-70.5951845,Valid fix
290,2024-12-02 23:19:23,021923.00,-33.44915066666667,-70.59518816666667,Valid fix
291,2024-12-02 23:19:24,021924.00,-33.449161833333335,-70.595195,Valid fix
292,2024-12-02 23:19:25,021925.00,-33.449169166666664,-70.59519266666666,Valid fix
293,2024-12-02 23:19:26,021926.00,-33.44917016666667,-70.59519033333333,Valid fix
294,2024-12-02 23:19:27,021927.00,-33.4491785,-70.595194,Valid fix
295,2024-12-02 23:19:28,021928.00,-33.44919316666667,-70.59519966666667,Valid fix
296,2024-12-02 23:19:29,021929.00,-33.4492045,-70.59520866666666,Valid fix
297,2024-12-02 23:19:30,021930.00,-33.449207,-70.59520933333333,Valid fix
298,2024-12-02 23:19:31,021931.00,-33.44920833333333,-70.59520716666667,Valid fix
299,2024-12-02 23:19:32,021932.00,-33.449209333333336,-70.5951985,Valid fix
300,2024-12-02 23:19:33,021933.00,-33.449213666666665,-70.59519216666666,Valid fix
301,2024-12-02 23:19:34,021934.00,-33.449218,-70.59518683333333,Valid fix
302,2024-12-02 23:19:35,021935.00,-33.44921466666667,-70.59517733333334,Valid fix
303,2024-12-02 23:19:36,021936.00,-33.44921316666667,-70.59517,Valid fix
304,2024-12-02 23:19:37,021937.00,-33.449216666666665,-70.5951715,Valid fix
305,2024-12-02 23:19:38,021938.00,-33.449227,-70.59518333333334,Valid fix
306,2024-12-02 23:19:39,021939.00,-33.449239666666664,-70.5952025,Valid fix
307,2024-12-02 23:19:40,021940.00,-33.449240833333334,-70.59520783333333,Valid fix
308,2024-12-02 23:19:41,021941.00,-33.449243833333334,-70.59521266666667,Valid fix
309,2024-12-02 23:19:42,021942.00,-33.44924,-70.5952075,Valid fix
310,2024-12-02 23:19:43,021943.00,-33.44923266666667,-70.5951955,Valid fix
311,2024-12-02 23:19:44,021944.00,-33.4492215,-70.59519016666667,Valid fix
312,2024-12-02 23:19:45,021945.00,-33.449217166666664,-70.5951835,Valid fix
313,2024-12-02 23:19:47,021946.00,-33.449206333333336,-70.59517916666667,Valid fix
314,2024-12-02 23:19:48,021947.00,-33.44920033333333,-70.59517266666667,Valid fix
315,2024-12-02 23:19:49,021949.00,-33.449174,-70.5951685,Valid fix
316,2024-12-02 23:19:50,021950.00,-33.4491245,-70.59515566666667,Valid fix
317,2024-12-02 23:19:51,021951.00,-33.4490815,-70.595144,Valid fix
318,2024-12-02 23:19:52,021952.00,-33.449062833333336,-70.59514566666667,Valid fix
319,2024-12-02 23:19:53,021953.00,-33.449040333333336,-70.59514683333333,Valid fix
320,2024-12-02 23:19:54,021954.00,-33.449027,-70.59515433333334,Valid fix
321,2024-12-02 23:19:55,021955.00,-33.449023,-70.59515933333333,Valid fix
322,2024-12-02 23:19:56,021956.00,-33.44900916666667,-70.5951535,Valid fix
323,2024-12-02 23:19:57,021957.00,-33.44899683333333,-70.595153,Valid fix
324,2024-12-02 23:19:58,021958.00,-33.448986833333336,-70.59514366666667,Valid fix
325,2024-12-02 23:19:59,021959.00,-33.44898166666667,-70.595137,Valid fix
326,2024-12-02 23:20:00,022000.00,-33.44897616666667,-70.59513983333333,Valid fix
327,2024-12-02 23:20:01,022001.00,-33.44898,-70.59514383333334,Valid fix
328,2024-12-02 23:20:02,022002.00,-33.448982666666666,-70.59514183333333,Valid fix
329,2024-12-02 23:20:03,022003.00,-33.4489895,-70.59514183333333,Valid fix
330,2024-12-02 23:20:04,022004.00,-33.448998,-70.59513716666666,Valid fix
331,2024-12-02 23:20:05,022005.00,-33.448996666666666,-70.59512683333334,Valid fix
332,2024-12-02 23:20:06,022006.00,-33.4490105,-70.59512183333334,Valid fix
333,2024-12-02 23:20:07,022007.00,-33.449005666666665,-70.595105,Valid fix
334,2024-12-02 23:20:08,022008.00,-33.4490115,-70.59508883333334,Valid fix
335,2024-12-02 23:20:09,022009.00,-33.44902066666667,-70.59507016666667,Valid fix
336,2024-12-02 23:20:10,022010.00,-33.4490305,-70.59505583333333,Valid fix
337,2024-12-02 23:20:11,022011.00,-33.44903716666666,-70.59503733333334,Valid fix
338,2024-12-02 23:20:12,022012.00,-33.44904833333333,-70.59502516666667,Valid fix
339,2024-12-02 23:20:13,022013.00,-33.44904433333333,-70.59500733333333,Valid fix
340,2024-12-02 23:20:14,022014.00,-33.449034166666664,-70.594986,Valid fix
341,2024-12-02 23:20:16,022015.00,-33.449043833333334,-70.5949745,Valid fix
342,2024-12-02 23:20:17,022016.00,-33.449043333333336,-70.59495733333333,Valid fix
343,2024-12-02 23:20:18,022018.00,-33.44902616666667,-70.59492216666666,Valid fix
344,2024-12-02 23:20:19,022019.00,-33.4490265,-70.59490466666666,Valid fix
345,2024-12-02 23:20:20,022020.00,-33.44905816666667,-70.59489933333333,Valid fix
346,2024-12-02 23:20:21,022021.00,-33.44909616666666,-70.59489416666666,Valid fix
347,2024-12-02 23:20:22,022022.00,-33.44908933333333,-70.59487716666666,Valid fix
348,2024-12-02 23:20:23,022023.00,-33.449071,-70.5948425,Valid fix
349,2024-12-02 23:20:24,022024.00,-33.449046333333335,-70.594825,Valid fix
350,2024-12-02 23:20:25,022025.00,-33.44899266666667,-70.59480016666667,Valid fix
351,2024-12-02 23:20:26,022026.00,-33.448993,-70.59478816666666,Valid fix
352,2024-12-02 23:20:27,022027.00,-33.448986833333336,-70.59476366666667,Valid fix
353,2024-12-02 23:20:28,022028.00,-33.448996,-70.59474916666667,Valid fix
354,2024-12-02 23:20:29,022029.00,-33.44898,-70.5947295,Valid fix
355,2024-12-02 23:20:30,022030.00,-33.44896966666666,-70.594718,Valid fix
356,2024-12-02 23:20:31,022031.00,-33.44897266666667,-70.59471483333333,Valid fix
357,2024-12-02 23:20:32,022032.00,-33.4489505,-70.5947,Valid fix
358,2024-12-02 23:20:33,022033.00,-33.448924833333336,-70.59468433333333,Valid fix
359,2024-12-02 23:20:34,022034.00,-33.448912666666665,-70.59466416666666,Valid fix
360,2024-12-02 23:20:35,022035.00,-33.4488955,-70.59464966666667,Valid fix
361,2024-12-02 23:20:36,022036.00,-33.44888566666667,-70.59463316666667,Valid fix
362,2024-12-02 23:20:37,022037.00,-33.44887516666667,-70.59461433333334,Valid fix
363,2024-12-02 23:20:38,022038.00,-33.448860333333336,-70.59459116666666,Valid fix
364,2024-12-02 23:20:39,022039.00,-33.44883466666667,-70.59456216666666,Valid fix
365,2024-12-02 23:20:41,022040.00,-33.448829833333335,-70.5945505,Valid fix
366,2024-12-02 23:20:42,022041.00,-33.448819666666665,-70.59453116666667,Valid fix
367,2024-12-02 23:20:43,022043.00,-33.448806833333336,-70.594521,Valid fix
368,2024-12-02 23:20:44,022044.00,-33.44879483333333,-70.5944985,Valid fix
369,2024-12-02 23:20:45,022045.00,-33.44879433333333,-70.5944885,Valid fix
370,2024-12-02 23:20:46,022046.00,-33.44877566666667,-70.59447966666667,Valid fix
371,2024-12-02 23:20:47,022047.00,-33.448765,-70.59446633333333,Valid fix
372,2024-12-02 23:20:48,022048.00,-33.448761,-70.5944605,Valid fix
373,2024-12-02 23:20:49,022049.00,-33.44876266666667,-70.594448,Valid fix
374,2024-12-02 23:20:50,022050.00,-33.448757666666666,-70.5944355,Valid fix
375,2024-12-02 23:20:51,022051.00,-33.448765333333334,-70.59441699999999,Valid fix
376,2024-12-02 23:20:52,022052.00,-33.448744166666664,-70.59442283333334,Valid fix
377,2024-12-02 23:20:53,022053.00,-33.448737,-70.59442216666666,Valid fix
378,2024-12-02 23:20:54,022054.00,-33.448746166666666,-70.59441833333334,Valid fix
379,2024-12-02 23:20:55,022055.00,-33.44874816666667,-70.59440866666667,Valid fix
380,2024-12-02 23:20:56,022056.00,-33.448748333333334,-70.59440233333333,Valid fix
381,2024-12-02 23:20:57,022057.00,-33.448753,-70.5943945,Valid fix
382,2024-12-02 23:20:58,022058.00,-33.44876283333333,-70.59438916666667,Valid fix
383,2024-12-02 23:20:59,022059.00,-33.448777,-70.594388,Valid fix
384,2024-12-02 23:21:01,022100.00,-33.448788666666665,-70.59438483333334,Valid fix
385,2024-12-02 23:21:02,022102.00,-33.44884366666667,-70.59438266666666,Valid fix
386,2024-12-02 23:21:03,022103.00,-33.44883,-70.59437316666667,Valid fix
387,2024-12-02 23:21:04,022104.00,-33.44884916666667,-70.5943755,Valid fix
388,2024-12-02 23:21:05,022105.00,-33.44885466666667,-70.59437466666667,Valid fix
389,2024-12-02 23:21:06,022106.00,-33.44885516666667,-70.59436766666667,Valid fix
390,2024-12-02 23:21:07,022107.00,-33.4488455,-70.59435633333334,Valid fix
391,2024-12-02 23:21:08,022108.00,-33.448866833333334,-70.594353,Valid fix
392,2024-12-02 23:21:09,022109.00,-33.4488715,-70.594345,Valid fix
393,2024-12-02 23:21:10,022110.00,-33.448879833333336,-70.5943445,Valid fix
394,2024-12-02 23:21:11,022111.00,-33.448875666666666,-70.59433166666666,Valid fix
395,2024-12-02 23:21:12,022112.00,-33.4488755,-70.59432166666667,Valid fix
396,2024-12-02 23:21:13,022113.00,-33.448879,-70.59431183333334,Valid fix
397,2024-12-02 23:21:14,022114.00,-33.448890666666664,-70.5943155,Valid fix
398,2024-12-02 23:21:15,022115.00,-33.4488895,-70.5943075,Valid fix
399,2024-12-02 23:21:16,022116.00,-33.44887,-70.59429883333334,Valid fix
400,2024-12-02 23:21:17,022117.00,-33.448839666666665,-70.5942785,Valid fix
401,2024-12-02 23:21:19,022118.00,-33.44883816666667,-70.594272,Valid fix
402,2024-12-02 23:21:20,022119.00,-33.4488365,-70.594262,Valid fix
403,2024-12-02 23:21:21,022121.00,-33.44882916666667,-70.59424033333333,Valid fix
404,2024-12-02 23:21:22,022122.00,-33.448836166666666,-70.5942325,Valid fix
405,2024-12-02 23:21:23,022123.00,-33.44883633333333,-70.594218,Valid fix
406,2024-12-02 23:21:24,022124.00,-33.448826833333335,-70.59420416666667,Valid fix
407,2024-12-02 23:21:25,022125.00,-33.448829,-70.59420083333333,Valid fix
408,2024-12-02 23:21:26,022126.00,-33.448835,-70.5941975,Valid fix
409,2024-12-02 23:21:27,022127.00,-33.448818,-70.59419383333334,Valid fix
410,2024-12-02 23:21:28,022128.00,-33.448817166666664,-70.59418683333334,Valid fix
411,2024-12-02 23:21:29,022129.00,-33.44881266666667,-70.59418066666667,Valid fix
412,2024-12-02 23:21:30,022130.00,-33.44881,-70.59417033333334,Valid fix
413,2024-12-02 23:21:31,022131.00,-33.44880916666666,-70.59417016666667,Valid fix
414,2024-12-02 23:21:32,022132.00,-33.4488165,-70.594169,Valid fix
415,2024-12-02 23:21:33,022133.00,-33.44880883333333,-70.594163,Valid fix
416,2024-12-02 23:21:34,022134.00,-33.448803166666664,-70.5941555,Valid fix
417,2024-12-02 23:21:35,022135.00,-33.44879816666667,-70.59413983333333,Valid fix
418,2024-12-02 23:21:36,022136.00,-33.44879566666667,-70.59413366666666,Valid fix
419,2024-12-02 23:21:37,022137.00,-33.448802,-70.59412766666667,Valid fix
420,2024-12-02 23:21:38,022138.00,-33.44879433333333,-70.59412916666666,Valid fix
421,2024-12-02 23:21:39,022139.00,-33.44878533333333,-70.59412283333333,Valid fix
422,2024-12-02 23:21:40,022140.00,-33.44878933333333,-70.59412233333333,Valid fix
423,2024-12-02 23:21:41,022141.00,-33.44879366666667,-70.59411516666667,Valid fix
424,2024-12-02 23:21:42,022142.00,-33.448788666666665,-70.5941075,Valid fix
425,2024-12-02 23:21:44,022143.00,-33.44878533333333,-70.5941065,Valid fix
426,2024-12-02 23:21:45,022144.00,-33.448787833333334,-70.59408433333333,Valid fix
427,2024-12-02 23:21:46,022146.00,-33.448817166666664,-70.59406866666667,Valid fix
428,2024-12-02 23:21:47,022147.00,-33.448813666666666,-70.59406416666667,Valid fix
429,2024-12-02 23:21:48,022148.00,-33.44881383333333,-70.59405616666666,Valid fix
430,2024-12-02 23:21:49,022149.00,-33.4488125,-70.59405033333333,Valid fix
431,2024-12-02 23:21:50,022150.00,-33.448817,-70.5940425,Valid fix
432,2024-12-02 23:21:51,022151.00,-33.448813,-70.594028,Valid fix
433,2024-12-02 23:21:52,022152.00,-33.448816666666666,-70.59402266666666,Valid fix
434,2024-12-02 23:21:53,022153.00,-33.4488155,-70.59401083333333,Valid fix
435,2024-12-02 23:21:54,022154.00,-33.44882033333333,-70.5940085,Valid fix
436,2024-12-02 23:21:55,022155.00,-33.4488265,-70.59400783333334,Valid fix
437,2024-12-02 23:21:56,022156.00,-33.44882,-70.5939935,Valid fix
438,2024-12-02 23:21:57,022157.00,-33.44881866666667,-70.5939975,Valid fix
439,2024-12-02 23:21:58,022158.00,-33.44881183333333,-70.59398916666666,Valid fix
440,2024-12-02 23:21:59,022159.00,-33.448812,-70.59399416666666,Valid fix
441,2024-12-02 23:22:00,022200.00,-33.44881616666667,-70.593989,Valid fix
442,2024-12-02 23:22:01,022201.00,-33.44880633333333,-70.59398,Valid fix
443,2024-12-02 23:22:02,022202.00,-33.44879233333333,-70.59396533333333,Valid fix
444,2024-12-02 23:22:03,022203.00,-33.44879933333333,-70.59396783333334,Valid fix
445,2024-12-02 23:22:04,022204.00,-33.44879983333333,-70.59396566666666,Valid fix
446,2024-12-02 23:22:05,022205.00,-33.4487965,-70.593963,Valid fix
447,2024-12-02 23:22:06,022206.00,-33.448787333333335,-70.59395883333333,Valid fix
448,2024-12-02 23:22:07,022207.00,-33.448779333333334,-70.59394933333333,Valid fix
449,2024-12-02 23:22:08,022208.00,-33.448811666666664,-70.593941,Valid fix
450,2024-12-02 23:22:10,022209.00,-33.4488495,-70.5939395,Valid fix
451,2024-12-02 23:22:11,022210.00,-33.448856666666664,-70.5939465,Valid fix
452,2024-12-02 23:22:12,022212.00,-33.44886616666667,-70.59394316666666,Valid fix
453,2024-12-02 23:22:13,022213.00,-33.44886916666667,-70.59394083333333,Valid fix
454,2024-12-02 23:22:14,022214.00,-33.44885933333333,-70.59392866666667,Valid fix
455,2024-12-02 23:22:15,022215.00,-33.44886316666667,-70.5939275,Valid fix
456,2024-12-02 23:22:16,022216.00,-33.44886616666667,-70.59392316666667,Valid fix
457,2024-12-02 23:22:17,022217.00,-33.448858666666666,-70.59390933333333,Valid fix
458,2024-12-02 23:22:18,022218.00,-33.44886183333333,-70.593905,Valid fix
459,2024-12-02 23:22:19,022219.00,-33.4488685,-70.59390133333333,Valid fix
460,2024-12-02 23:22:20,022220.00,-33.448880333333335,-70.5938915,Valid fix
461,2024-12-02 23:22:21,022221.00,-33.44889333333333,-70.59388133333333,Valid fix
462,2024-12-02 23:22:22,022222.00,-33.44892933333333,-70.59387516666666,Valid fix
463,2024-12-02 23:22:23,022223.00,-33.4489605,-70.593874,Valid fix
464,2024-12-02 23:22:24,022224.00,-33.448989,-70.59386683333334,Valid fix
465,2024-12-02 23:22:25,022225.00,-33.44902183333333,-70.59386833333333,Valid fix
466,2024-12-02 23:22:26,022226.00,-33.44904233333333,-70.59386866666667,Valid fix
467,2024-12-02 23:22:27,022227.00,-33.44906133333333,-70.59387016666666,Valid fix
468,2024-12-02 23:22:28,022228.00,-33.449073166666665,-70.593876,Valid fix
469,2024-12-02 23:22:29,022229.00,-33.44908066666667,-70.59387783333334,Valid fix
470,2024-12-02 23:22:30,022230.00,-33.449089666666666,-70.59388183333333,Valid fix
471,2024-12-02 23:22:31,022231.00,-33.449101,-70.59387516666666,Valid fix
472,2024-12-02 23:22:32,022232.00,-33.44910866666667,-70.59388133333333,Valid fix
473,2024-12-02 23:22:33,022233.00,-33.44912166666667,-70.59389383333334,Valid fix
474,2024-12-02 23:22:34,022234.00,-33.449144833333335,-70.5939035,Valid fix
475,2024-12-02 23:22:36,022235.00,-33.449171166666666,-70.5939115,Valid fix
476,2024-12-02 23:22:37,022236.00,-33.449179666666666,-70.59391883333333,Valid fix
477,2024-12-02 23:22:38,022237.00,-33.44918283333333,-70.59392533333333,Valid fix
478,2024-12-02 23:22:39,022239.00,-33.449210666666666,-70.59393466666667,Valid fix
479,2024-12-02 23:22:40,022240.00,-33.449217,-70.59393466666667,Valid fix
480,2024-12-02 23:22:41,022241.00,-33.4492305,-70.59394283333333,Valid fix
481,2024-12-02 23:22:42,022242.00,-33.449239666666664,-70.59395066666667,Valid fix
482,2024-12-02 23:22:43,022243.00,-33.449234833333335,-70.59394966666666,Valid fix
483,2024-12-02 23:22:44,022244.00,-33.44923683333333,-70.59394116666667,Valid fix
484,2024-12-02 23:22:45,022245.00,-33.44924266666666,-70.59394066666667,Valid fix
485,2024-12-02 23:22:46,022246.00,-33.44924283333334,-70.59393666666666,Valid fix
486,2024-12-02 23:22:47,022247.00,-33.44925533333333,-70.59393466666667,Valid fix
487,2024-12-02 23:22:48,022248.00,-33.449268333333336,-70.593932,Valid fix
488,2024-12-02 23:22:49,022249.00,-33.449281666666664,-70.59394516666667,Valid fix
489,2024-12-02 23:22:50,022250.00,-33.4492895,-70.59396083333333,Valid fix
490,2024-12-02 23:22:51,022251.00,-33.44931283333333,-70.59397533333333,Valid fix
491,2024-12-02 23:22:52,022252.00,-33.449331666666666,-70.593986,Valid fix
492,2024-12-02 23:22:53,022253.00,-33.44935016666667,-70.59398716666666,Valid fix
493,2024-12-02 23:22:54,022254.00,-33.44936466666667,-70.59399066666667,Valid fix
494,2024-12-02 23:22:55,022255.00,-33.449343,-70.59399083333334,Valid fix
495,2024-12-02 23:22:56,022256.00,-33.44935483333333,-70.5939855,Valid fix
496,2024-12-02 23:22:57,022257.00,-33.44936883333333,-70.59399166666667,Valid fix
497,2024-12-02 23:22:58,022258.00,-33.44937483333333,-70.5939875,Valid fix
498,2024-12-02 23:23:00,022259.00,-33.44935016666667,-70.5939885,Valid fix
499,2024-12-02 23:23:01,022300.00,-33.449335833333336,-70.59398866666666,Valid fix
500,2024-12-02 23:23:02,022302.00,-33.449320666666665,-70.59399683333334,Valid fix
501,2024-12-02 23:23:03,022303.00,-33.44931833333333,-70.59399683333334,Valid fix
502,2024-12-02 23:23:04,022304.00,-33.449323,-70.59400433333333,Valid fix
503,2024-12-02 23:23:05,022305.00,-33.449336833333334,-70.5940265,Valid fix
504,2024-12-02 23:23:06,022306.00,-33.4493415,-70.59403033333334,Valid fix
505,2024-12-02 23:23:07,022307.00,-33.44935183333333,-70.59403833333333,Valid fix
506,2024-12-02 23:23:08,022308.00,-33.44936333333333,-70.59404416666666,Valid fix
507,2024-12-02 23:23:09,022309.00,-33.449371,-70.59405066666666,Valid fix
508,2024-12-02 23:23:10,022310.00,-33.4493715,-70.59405533333333,Valid fix
509,2024-12-02 23:23:11,022311.00,-33.44937516666667,-70.5940615,Valid fix
510,2024-12-02 23:23:12,022312.00,-33.44937866666667,-70.5940655,Valid fix
511,2024-12-02 23:23:13,022313.00,-33.449391166666665,-70.5940735,Valid fix
512,2024-12-02 23:23:14,022314.00,-33.449405,-70.59407033333333,Valid fix
513,2024-12-02 23:23:15,022315.00,-33.449426833333334,-70.59407333333333,Valid fix
514,2024-12-02 23:23:16,022316.00,-33.44943683333333,-70.59407616666667,Valid fix
515,2024-12-02 23:23:17,022317.00,-33.4494525,-70.59406783333333,Valid fix
516,2024-12-02 23:23:18,022318.00,-33.449473833333336,-70.59405616666666,Valid fix
517,2024-12-02 23:23:19,022319.00,-33.449487166666664,-70.5940605,Valid fix
518,2024-12-02 23:23:21,022320.00,-33.449493833333335,-70.59406083333333,Valid fix
519,2024-12-02 23:23:22,022321.00,-33.44949833333333,-70.59405583333333,Valid fix
520,2024-12-02 23:23:23,022323.00,-33.4495015,-70.59405283333334,Valid fix
521,2024-12-02 23:23:24,022324.00,-33.4495065,-70.59405433333333,Valid fix
522,2024-12-02 23:23:25,022325.00,-33.449522333333334,-70.59404483333333,Valid fix
523,2024-12-02 23:23:26,022326.00,-33.449526,-70.59403416666666,Valid fix
524,2024-12-02 23:23:27,022327.00,-33.449548166666666,-70.59403616666667,Valid fix
525,2024-12-02 23:23:28,022328.00,-33.44955816666667,-70.59402966666667,Valid fix
526,2024-12-02 23:23:29,022329.00,-33.44957083333333,-70.59402116666666,Valid fix
527,2024-12-02 23:23:30,022330.00,-33.4495775,-70.59401716666666,Valid fix
528,2024-12-02 23:23:31,022331.00,-33.449596,-70.59401683333333,Valid fix
529,2024-12-02 23:23:32,022332.00,-33.449603,-70.59400766666667,Valid fix
530,2024-12-02 23:23:33,022333.00,-33.44961,-70.594,Valid fix
531,2024-12-02 23:23:34,022334.00,-33.44961816666667,-70.59399766666667,Valid fix
532,2024-12-02 23:23:35,022335.00,-33.44962733333333,-70.59399233333333,Valid fix
533,2024-12-02 23:23:36,022336.00,-33.44963966666667,-70.59399583333334,Valid fix
534,2024-12-02 23:23:37,022337.00,-33.449638666666665,-70.59400083333334,Valid fix
535,2024-12-02 23:23:38,022338.00,-33.44963466666667,-70.59399366666666,Valid fix
536,2024-12-02 23:23:39,022339.00,-33.44962183333333,-70.59398733333333,Valid fix
537,2024-12-02 23:23:40,022340.00,-33.44962266666667,-70.59397983333334,Valid fix
538,2024-12-02 23:23:41,022341.00,-33.44962316666667,-70.59397816666667,Valid fix
539,2024-12-02 23:23:42,022342.00,-33.44963416666667,-70.59398,Valid fix
540,2024-12-02 23:23:43,022343.00,-33.449639166666664,-70.59396716666667,Valid fix
541,2024-12-02 23:23:45,022344.00,-33.44964616666667,-70.59396883333334,Valid fix
542,2024-12-02 23:23:46,022345.00,-33.44966066666667,-70.59396583333333,Valid fix
543,2024-12-02 23:23:47,022347.00,-33.449665333333336,-70.59398133333333,Valid fix
544,2024-12-02 23:23:48,022348.00,-33.449657,-70.59399433333333,Valid fix
545,2024-12-02 23:23:49,022349.00,-33.44965633333333,-70.59398733333333,Valid fix
546,2024-12-02 23:23:50,022350.00,-33.449656,-70.59399083333334,Valid fix
547,2024-12-02 23:23:51,022351.00,-33.44965766666667,-70.59399316666666,Valid fix
548,2024-12-02 23:23:52,022352.00,-33.449657,-70.59399433333333,Valid fix
549,2024-12-02 23:23:53,022353.00,-33.44966566666667,-70.593985,Valid fix
550,2024-12-02 23:23:54,022354.00,-33.4496765,-70.59398416666667,Valid fix
551,2024-12-02 23:23:55,022355.00,-33.44968433333333,-70.593984,Valid fix
552,2024-12-02 23:23:56,022356.00,-33.449682833333334,-70.59398816666666,Valid fix
553,2024-12-02 23:23:57,022357.00,-33.44970083333333,-70.59399433333333,Valid fix
554,2024-12-02 23:23:58,022358.00,-33.449710333333336,-70.59400833333333,Valid fix
555,2024-12-02 23:23:59,022359.00,-33.4497125,-70.59400766666667,Valid fix
556,2024-12-02 23:24:00,022400.00,-33.4497265,-70.59400333333333,Valid fix
557,2024-12-02 23:24:01,022401.00,-33.449708333333334,-70.59399033333334,Valid fix
558,2024-12-02 23:24:02,022402.00,-33.4497065,-70.59399416666666,Valid fix
559,2024-12-02 23:24:03,022403.00,-33.44969566666666,-70.593985,Valid fix
560,2024-12-02 23:24:04,022404.00,-33.44969716666667,-70.59398216666666,Valid fix
561,2024-12-02 23:24:05,022405.00,-33.4496925,-70.59397933333334,Valid fix
562,2024-12-02 23:24:06,022406.00,-33.44968183333334,-70.5939705,Valid fix
563,2024-12-02 23:24:07,022407.00,-33.44967316666666,-70.5939695,Valid fix
564,2024-12-02 23:24:08,022408.00,-33.44967616666667,-70.59395716666667,Valid fix
565,2024-12-02 23:24:10,022409.00,-33.449682833333334,-70.593946,Valid fix
566,2024-12-02 23:24:11,022410.00,-33.449687,-70.5939285,Valid fix
567,2024-12-02 23:24:12,022412.00,-33.4496965,-70.593903,Valid fix
568,2024-12-02 23:24:13,022413.00,-33.4497175,-70.593899,Valid fix
569,2024-12-02 23:24:14,022414.00,-33.44973016666667,-70.59390316666666,Valid fix
570,2024-12-02 23:24:15,022415.00,-33.449726166666665,-70.59389983333334,Valid fix
571,2024-12-02 23:24:16,022416.00,-33.449719,-70.59389983333334,Valid fix
572,2024-12-02 23:24:17,022417.00,-33.4497415,-70.59388916666667,Valid fix
573,2024-12-02 23:24:18,022418.00,-33.4497505,-70.593894,Valid fix
574,2024-12-02 23:24:19,022419.00,-33.4497655,-70.59389766666666,Valid fix
575,2024-12-02 23:24:20,022420.00,-33.4497775,-70.5938915,Valid fix
576,2024-12-02 23:24:21,022421.00,-33.44979933333333,-70.59388683333333,Valid fix
577,2024-12-02 23:24:22,022422.00,-33.4498065,-70.59387616666666,Valid fix
578,2024-12-02 23:24:23,022423.00,-33.449811833333335,-70.5938725,Valid fix
579,2024-12-02 23:24:24,022424.00,-33.449818,-70.59388133333333,Valid fix
580,2024-12-02 23:24:25,022425.00,-33.44971566666667,-70.59393366666667,Valid fix
581,2024-12-02 23:24:26,022426.00,-33.44961883333333,-70.59397816666667,Valid fix
582,2024-12-02 23:24:27,022427.00,-33.449615333333334,-70.59398766666666,Valid fix
583,2024-12-02 23:24:28,022428.00,-33.4496205,-70.59399766666667,Valid fix
584,2024-12-02 23:24:29,022429.00,-33.4496325,-70.59401666666666,Valid fix
585,2024-12-02 23:24:31,022430.00,-33.44964683333333,-70.59403616666667,Valid fix
586,2024-12-02 23:24:32,022431.00,-33.44966216666667,-70.59404616666667,Valid fix
587,2024-12-02 23:24:33,022433.00,-33.44966516666667,-70.59401933333334,Valid fix
588,2024-12-02 23:24:34,022434.00,-33.449677333333334,-70.5940205,Valid fix
589,2024-12-02 23:24:35,022435.00,-33.44967666666667,-70.59401966666667,Valid fix
590,2024-12-02 23:24:36,022436.00,-33.44967116666667,-70.59402616666667,Valid fix
591,2024-12-02 23:24:37,022437.00,-33.44964216666666,-70.59402666666666,Valid fix
592,2024-12-02 23:24:38,022438.00,-33.449633,-70.59402716666666,Valid fix
593,2024-12-02 23:24:39,022439.00,-33.44966,-70.59400166666667,Valid fix
594,2024-12-02 23:24:40,022440.00,-33.4496605,-70.59398283333333,Valid fix
595,2024-12-02 23:24:41,022441.00,-33.449659,-70.593978,Valid fix
596,2024-12-02 23:24:42,022442.00,-33.4496605,-70.59395916666666,Valid fix
597,2024-12-02 23:24:43,022443.00,-33.44965283333333,-70.59394716666667,Valid fix
598,2024-12-02 23:24:44,022444.00,-33.44963333333333,-70.593925,Valid fix
599,2024-12-02 23:24:45,022445.00,-33.4496265,-70.59390533333334,Valid fix
600,2024-12-02 23:24:46,022446.00,-33.44974766666667,-70.59388866666667,Valid fix
